stop_name,lat,lon,boardings,alightings
학성공원,35.556582,129.338091,1737,992
선거관리위원회,35.555487,129.332248,441,112
학성배수장,35.551798,129.332407,135,76
옥성초등학교,35.552508,129.336031,280,87
남운학성타운,35.557819,129.331226,21,15
복산성당,35.558482,129.32898,29,18
울산교회,35.559087,129.327833,114,29
신중앙시장,35.555182,129.328481,315,106
중앙전통시장,35.555299,129.32583,340,338
구역전시장,35.558091,129.327476,599,199
한국건강관리협회,35.557451,129.326311,389,139
현대자동차,35.542155,129.385175,17,10
중앙동행정복지센터,35.557213,129.323994,49,7
홈플러스중구점,35.563778,129.334992,1332,417
울산MBC,35.562962,129.333541,587,113
계비고개,35.560297,129.329126,83,41
복산동행정복지센터앞,35.563159,129.325818,234,40
동덕현대복산아이파크,35.565359,129.328744,299,38
남운아파트,35.56749,129.330081,168,34
중구청,35.567295,129.333045,692,188
한국전기안전공사,35.566802,129.324624,81,15
도화골입구,35.568541,129.327942,45,9
울산고등학교,35.562229,129.330554,62,14
복산아이파크,35.563473,129.329463,9,6
동덕현대아파트,35.564759,129.327187,143,9
동광약국,35.563527,129.32608,13,1
복산초등학교,35.55918,129.323262,12,0
울산시립미술관,35.557446,129.322878,170,54
성안입구,35.562596,129.319035,357,237
북정아파트,35.562528,129.322555,115,63
옥교동,35.55563,129.323634,954,366
풍적맨션,35.55202,129.327667,142,77
번영교입구,35.554426,129.323729,385,106
번영로입구,35.555706,129.324043,373,146
성남동,35.553022,129.319052,1911,687
태화루사거리,35.552996,129.310398,925,542
성남프라자,35.554175,129.31778,625,423
강변공영주차장,35.552359,129.320747,96,21
국민은행사거리,35.555034,129.317444,8,6
시계탑사거리,35.555087,129.32071,223,92
문화의거리,35.556061,129.321101,161,15
국민은행,35.555482,129.318472,92,9
양사초등학교,35.557786,129.317775,135,36
향교,35.560063,129.315795,415,164
근로복지공단.산업인력공단,35.56477,129.313768,288,77
성안고가하부도로,35.564987,129.317793,129,53
궁도장,35.568175,129.315302,10,6
목살골목입구,35.557118,129.315968,174,53
향교삼거리,35.559225,129.314946,4,0
우정동행정복지센터입구,35.555869,129.311447,257,112
우정선경아파트,35.55817,129.312354,717,201
한국석유공사,35.563947,129.309095,199,63
우정아이파크,35.56056,129.310204,138,33
성남동매일마트,35.555754,129.317598,5,10
동명그린빌,35.558865,129.313374,0,4
우정공원앞,35.560617,129.311438,10,2
우정선경1차아파트,35.558941,129.311072,47,7
우정시장,35.555935,129.310252,187,83
우정2공영주차장,35.555492,129.314976,26,4
축산농협,35.556731,129.306679,109,62
강원마트,35.556323,129.313979,4,0
솔밭가든,35.581422,129.320744,82,10
성안청구아파트,35.579988,129.316514,349,28
백양초등학교,35.576489,129.317344,342,77
경찰청,35.572338,129.314819,322,55
백양사,35.574299,129.312145,97,23
국토정보공사,35.575357,129.30884,382,71
금호아파트,35.575342,129.305194,118,23
길촌입구,35.572671,129.301182,7,7
안전보건공단.동서발전,35.565975,129.320552,179,70
성안청구아파트입구,35.579988,129.316514,41,21
성안파출소,35.580636,129.322982,10,8
성안종점,35.562596,129.319035,14,3
내약마을,35.582882,129.325849,6,1
약사동,35.581224,129.319432,0,2
함월구민운동장,35.57782,129.305952,34,2
성안금호아파트,35.575815,129.306252,109,9
G마트,35.577499,129.311036,43,5
신안골드빌,35.579172,129.312806,13,6
방송대후문,35.579362,129.314316,10,3
애니원고등학교,35.578237,129.320469,50,7
장애인종합복지관,35.577311,129.32176,89,10
시립요양원,35.575849,129.320728,44,4
편의점,35.57466,129.319908,22,4
라이온스,35.573689,129.318408,27,13
풍암마을,35.589656,129.29129,2,0
풍암마을입구,35.589656,129.29129,2,1
성동마을회관,35.586921,129.303174,2,0
돌담집,35.583201,129.306207,1,0
KCC인테리어,35.579382,129.323375,3,0
최제우유허지입구,35.562209,129.290657,76,16
동원로얄듀크2차,35.562151,129.293562,61,23
중부소방서,35.563172,129.300619,57,10
울산교육청,35.562439,129.303793,11,3
울산테크노파크,35.562728,129.28059,65,11
길촌마을내,35.577238,129.290141,1,0
당수나무,35.576502,129.291347,1,0
귀신고래바위,35.576903,129.292204,2,0
길촌마을입구,35.576271,129.294462,1,0
점주가든,35.571924,129.300784,1,1
동원로얄듀크정문,35.560283,129.294414,106,1
유곡중학교,35.558697,129.301118,247,22
유곡교,35.560259,129.299621,0,3
동원로얄정문,35.560283,129.294414,0,8
유곡푸르지오,35.559394,129.305379,50,5
삼호교,35.555325,129.277845,1380,670
제일중학교,35.553566,129.284425,1002,236
학성여중,35.55341,129.291163,922,186
태화동,35.552245,129.295435,1853,572
태화강국가정원.동강병원,35.552535,129.300772,1560,479
태화루,35.553937,129.307181,1947,781
테크노파크입구,35.561261,129.277542,32,6
중앙고입구,35.557417,129.283892,47,5
중앙고등학교,35.555039,129.286093,27,4
희마아파트,35.553545,129.293359,11,4
다운동행정복지센터앞,35.556959,129.274359,274,99
다운농협,35.558977,129.2717,432,97
다운아파트,35.562808,129.267161,598,114
다운중고등학교,35.565724,129.266146,158,20
다운동아아파트,35.569349,129.266316,440,96
말미,35.575957,129.265876,3,3
다운교,35.579218,129.265298,13,6
다운파출소,35.560531,129.269957,128,5
다운중학교,35.568359,129.268971,105,15
테크노파크,35.561261,129.277542,1,2
현대골든아파트,35.572625,129.350198,186,40
산전마을,35.574427,129.350525,71,16
산전교,35.577702,129.349939,90,25
한국폴리텍대학,35.579769,129.348867,264,45
서동시장,35.580839,129.34703,375,83
병영초등학교입구,35.574219,129.346018,15,6
제니유치원,35.572634,129.346128,10,4
병영2동행정복지센터,35.579237,129.346524,44,2
서동현대아파트,35.58302,129.346968,44,4
삼일초등학교,35.580506,129.344662,454,97
KCC스위첸,35.581195,129.339954,176,46
외솔중학교,35.584732,129.343276,228,34
삼익세라믹앞,35.515543,129.316948,80,5
삼익세라믹,35.515543,129.316948,184,52
약사골사거리,35.57979,129.337877,27,4
약사제방전시관,35.577307,129.339255,32,9
에일린의뜰2차,35.584482,129.345001,23,4
병영성,35.576802,129.346286,13,7
한라하얏트,35.581596,129.34403,1,2
두강팔레스,35.582695,129.344605,4,2
학성초등학교,35.559633,129.344496,1397,483
중구노인복지관,35.562586,129.341855,109,25
북울산전화국,35.563851,129.342084,378,83
병영사거리,35.56908,129.34472,2110,679
병영1동행정복지센터,35.569512,129.346576,600,169
혜인학교,35.574248,129.338246,132,16
선우시장,35.568907,129.342264,95,40
약사중학교,35.570334,129.340208,59,18
약사아이파크,35.573406,129.339254,70,5
중부경찰서,35.570246,129.350016,213,81
삼일아파트,35.56833,129.346206,124,26
남외중학교,35.567037,129.348771,71,10
푸르지오아파트,35.565104,129.348794,53,8
푸르지오2차아파트,35.565111,129.345874,59,4
종합운동장서문입구,35.563562,129.345271,17,2
병영시장,35.570359,129.346014,91,20
동천야외물놀이장,35.567413,129.350906,30,3
삼환나우빌,35.564821,129.352236,17,5
골드클래스,35.588135,129.344022,259,52
황방산생태야영장,35.587657,129.327533,3,0
시례동,35.596634,129.324212,2,0
약사동행정복지센터앞,35.57013,129.337399,129,17
황방산입구,35.584985,129.328001,4,0
중구청입구,35.567295,129.333045,63,28
약사고등학교,35.573973,129.335156,111,16
내약사마을,35.583966,129.330202,2,0
천지강변아파트,35.5507,129.344823,54,24
신울산종합시장,35.561565,129.338478,659,173
학성초등학교후문,35.559633,129.344496,290,122
평산초등학교,35.567538,129.342029,136,67
약사래미안아파트,35.565602,129.337964,255,54
반구1동행정복지센터앞,35.556322,129.341033,388,103
학남,35.55385,129.340716,371,85
웅진빌라,35.559692,129.346395,32,7
한라그랜드아파트,35.557522,129.348008,72,6
용연암,35.556538,129.345137,29,6
강변이편한세상,35.554435,129.347762,101,14
대산빌라,35.552794,129.347304,38,13
가온고,35.553285,129.34363,84,5
화합로입구,35.553518,129.341507,12,1
우신고등학교입구,35.538415,129.252298,1316,404
울산과학대학,35.539947,129.257087,3092,692
울산대학교,35.542851,129.259462,3321,874
울산대학교후문,35.542851,129.259462,1999,489
신복교차로입구,35.548782,129.263024,1019,355
남운프라자,35.551711,129.266718,902,343
좋은삼정병원,35.552476,129.268471,413,318
신복교차로,35.548782,129.263024,2738,1840
옥현주공아파트,35.545098,129.264414,299,201
성광여고,35.541685,129.264386,783,105
문수경기장입구,35.538069,129.260092,139,99
문수실버복지관,35.535593,129.250955,292,110
삼호지하차도,35.553961,129.267361,297,105
굴화주공아파트,35.555298,129.263975,1125,326
문수경기장,35.538069,129.260092,202,95
삼호중학교,35.549846,129.266066,108,92
삼호시영아파트,35.54937,129.272208,115,32
문수비스타동원앞,35.549266,129.273735,115,30
삼호철새마을,35.547389,129.278876,144,37
정광사,35.546345,129.28316,251,55
정광사입구,35.546345,129.28316,86,10
삼호철새공원,35.551024,129.277928,50,13
문수비스타동원입구,35.549266,129.273735,345,52
삼호,35.551931,129.274381,188,45
무거초등학교,35.552905,129.254214,40,12
신복환승센터,35.551106,129.262593,452,221
두레마을,35.553143,129.263613,4,2
청구맨션,35.552551,129.255261,100,9
신복현대아파트,35.551942,129.25443,261,19
벽산아파트,35.507272,129.42138,527,163
무거중고교,35.537553,129.252332,7,1
우신고등학교,35.538415,129.252298,45,4
문수중학교,35.539225,129.257365,95,7
옥현주공3단지,35.539704,129.259207,97,7
옥현중학교,35.540992,129.262677,115,14
옥현주공2단지,35.542519,129.261635,110,10
옥현주공1단지,35.54497,129.261633,111,109
쇠정사거리,35.546277,129.262183,124,46
해연공원앞,35.550272,129.262527,321,56
무거동행정복지센터앞,35.550862,129.26033,48,27
신세대아파트,35.552324,129.259064,127,24
한라2차아파트,35.553289,129.257576,105,25
아성아파트,35.550617,129.254563,40,7
신복초등학교,35.549564,129.254916,109,11
무거현대,35.547868,129.254696,56,5
롯데캐슬,35.548319,129.254373,461,95
문수펠리스후문,35.549674,129.255965,21,4
서울산새마을금고,35.549392,129.257873,29,6
무거시장,35.548447,129.25935,28,11
협성현대럭키아파트,35.54079,129.253071,21,2
코아아파트,35.541498,129.25444,12,0
과학대후문,35.49787,129.41777,3,0
울산과학대,35.540629,129.25714,5,8
문수고등학교,35.555366,129.265934,1,7
공원묘지입구,35.537109,129.279146,57,28
옥동중학교,35.535923,129.286039,285,83
법원,35.538563,129.286156,2698,539
옥동초등학교,35.534037,129.295865,1857,417
보건환경연구원,35.538592,129.270913,2,11
울산대공원남문,35.526115,129.285825,15,5
중간갈티마을입구,35.520328,129.295357,5,4
시립문수궁도장입구,35.518209,129.300496,18,9
갈현마을회관,35.523529,129.289029,11,7
갈티마을입구,35.527301,129.273151,6,4
법조타운삼거리,35.537537,129.283558,9,0
구법원,35.537477,129.287866,13,0
천호탕,35.536962,129.289301,290,49
서강파크,35.538269,129.28871,78,5
옥동현대아파트,35.539841,129.290234,157,18
신정중학교,35.541098,129.292549,157,10
대륙2차현대아파트,35.541297,129.294488,61,4
도성아파트,35.537743,129.297065,12,0
남산초등학교,35.535904,129.296075,24,8
옥동공영주차장앞,35.533387,129.294004,13,1
울산대공원정문로터리,35.531824,129.293379,47,0
영남빌라,35.531483,129.295731,10,2
롯데인벤스가,35.53089,129.297156,14,0
효성아파트,35.529824,129.297742,16,0
롯데인베스가,35.530858,129.297318,3,0
대공원,35.531866,129.293707,13,3
옥동중학교앞,35.535923,129.286039,17,1
서광아파트입구,35.514056,129.309633,393,114
상개동크로바아파트,35.507494,129.308804,315,54
두왕사거리,35.505752,129.308936,178,40
두왕다리,35.497892,129.306084,51,32
대공원호반베르디움,35.515071,129.294099,305,66
산학융합지구캠퍼스,35.513001,129.295894,259,47
대경산전,35.504865,129.304206,4,2
한국생산기술연구원,35.512243,129.303152,2,0
한국에너지기술연구원,35.510932,129.300269,0,1
두왕초등학교,35.514404,129.293635,2,2
신정시장,35.543297,129.311026,4723,1788
시청,35.537637,129.310348,3126,1286
달동사거리,35.535636,129.33114,1650,724
공업탑,35.53301,129.309774,7439,4468
올림푸스아파트,35.531975,129.309846,204,34
동서오거리,35.530697,129.315281,349,150
중앙중학교,35.52654,129.31745,260,57
신정고등학교,35.53277,129.303063,892,213
수암시장,35.527927,129.320733,1327,434
문화예술회관,35.543129,129.325343,464,299
태화로터리,35.546536,129.307278,563,229
신정1동행정복지센터,35.541761,129.305969,127,59
산업은행,35.537454,129.305821,192,46
신정2동행정복지센터입구,35.533881,129.306788,189,114
시청후문,35.537637,129.310348,60,62
신일중학교,35.524358,129.311529,35,55
농업인회관,35.536743,129.307928,72,31
루첸아파트,35.531761,129.315225,307,104
태화강전망대,35.544149,129.295363,6,7
크로바아파트,35.546349,129.30358,26,8
십리대밭교,35.54925,129.306241,137,47
한전,35.54074,129.323292,61,14
한국노총,35.53979,129.319542,43,10
상공회의소,35.538668,129.315226,47,20
KBS방송국,35.543733,129.325074,5,21
도성아파트후문,35.537743,129.297065,60,9
올림푸스아파트4동,35.529597,129.299687,28,1
금란유치원,35.529955,129.304788,3,4
중앙병원,35.532009,129.305726,7,10
신정현대홈타운4단지,35.531273,129.322373,60,10
미소지움아파트,35.531356,129.32058,48,5
미소지움입구,35.530864,129.318237,49,8
문수로아이파크,35.537783,129.297299,6,2
신정시장사거리,35.542334,129.312808,49,39
울산공고,35.542898,129.314945,42,8
신정5동행정복지센터앞,35.544093,129.319476,33,8
극동스타클래스,35.640179,129.348316,322,45
울산공고정문,35.542898,129.314945,5,1
푸른아파트앞,35.54057,129.298658,111,2
우주가든,35.540552,129.300199,40,12
은월아파트,35.540153,129.302796,136,28
축협,35.541151,129.308246,137,20
남부신협,35.541563,129.310546,214,47
풍진힐그린타운,35.545097,129.311573,57,45
남부교회,35.545614,129.313565,85,10
신정3동행정복지센터입구,35.546117,129.315497,151,16
강남고등학교,35.546797,129.318667,221,28
남경노블랜드,35.547499,129.321378,186,23
울산병원,35.546154,129.322191,79,15
신한로얄멤버스아파트,35.539977,129.304158,16,9
오성아파트앞,35.540498,129.298935,13,0
목련아파트,35.5394,129.300934,13,1
평화시장,35.538852,129.302771,35,11
문수로2차아이파크,35.536708,129.303296,40,4
넝쿨아파트,35.53661,129.301111,27,2
중앙공원,35.547254,129.313028,14,2
센트럴하이츠,35.547892,129.314967,32,2
에쓰오일사택,35.537851,129.301028,35,4
옥동초등학교후문,35.534037,129.295865,33,8
문수로2차아이파크1단지,35.535819,129.302307,22,2
강남초등학교,35.53582,129.320548,1581,423
달동현대아파트,35.536306,129.323741,579,227
번영사거리,35.539393,129.327457,1358,431
목화예식장,35.537894,129.330705,662,697
현대백화점사거리,35.538509,129.333958,2937,1017
좋은의사들안과병원,35.538175,129.330419,1437,215
하나이비인후과병원,35.536507,129.323186,757,136
번영로코아루,35.5399,129.326706,84,24
달동주공,35.534438,129.326211,138,52
도산사거리,35.532916,129.329682,16,3
문화예술회관앞,35.543129,129.325343,328,83
태화중학교,35.531671,129.341305,29,19
우방아파트,35.638322,129.324159,127,22
문화공원앞,35.541978,129.327853,64,32
삼산선경아파트,35.543849,129.334281,136,23
광로교,35.532453,129.331179,14,7
신정현대홈타운,35.531654,129.323651,67,19
어울림아파트,35.53118,129.325338,11,3
동평교회,35.530494,129.327448,11,5
남구문화원,35.545909,129.326888,176,39
남울산우체국,35.546438,129.328809,86,31
대현중학교,35.543063,129.335452,152,61
현대백화점,35.540584,129.335327,441,265
동평중학교,35.533623,129.32425,79,17
달동주공아파트단지내,35.534438,129.326211,208,23
숭의빌딩,35.536342,129.335058,22,15
삼성자동차학원,35.533674,129.336729,1,1
달동현대아파트앞,35.536306,129.323741,1,3
목화예식장앞,35.537894,129.330705,0,18
시외고속버스터미널,35.539302,129.338169,2262,1287
농수산물도매시장,35.54009,129.341917,1275,639
태화강역,35.53937,129.35194,3208,1533
강변벽산아파트,35.545543,129.339976,356,140
보람병원입구,35.541578,129.339173,1406,563
고속버스터미널,35.537711,129.339622,529,160
현대문화아파트1차,35.533391,129.342409,82,18
울산도서관,35.534134,129.345604,66,40
한화꿈에그린,35.535955,129.348282,35,20
시외버스터미널,35.535111,129.340899,46,32
울산세무서,35.536035,129.346371,57,9
공구월드,35.536018,129.34216,80,30
평창3차아파트,35.544392,129.336943,114,26
한국산업단지공단,35.541386,129.344341,7,3
평창아데라움,35.543699,129.34588,85,24
세양청구,35.543311,129.350557,112,27
태화강역광장,35.541697,129.353389,64,78
세양청구아파트,35.545949,129.348583,105,5
롯데백화점후문,35.53791,129.337843,74,205
현대백화점정문,35.540584,129.335327,1241,228
삼산현대아파트,35.547056,129.331459,186,26
남구보건소,35.545692,129.33584,433,69
남부소방서,35.546995,129.334223,63,10
세이브존,35.547352,129.324756,45,11
현대문화1차아파트,35.534093,129.343742,6,4
삼산본동사거리,35.542464,129.347859,3,0
화물공제조합,35.545891,129.343999,12,3
대우푸르지오아파트,35.546163,129.342016,17,2
벽산아파트입구,35.507272,129.42138,7,0
아데라움아파트,35.546259,129.344853,3,3
울산시외버스터미널,35.536871,129.338878,21,22
자동차검사소,35.519338,129.344745,19,25
여천동,35.51787,129.347463,51,25
효성,35.514856,129.359367,66,20
송원산업,35.516788,129.350609,29,7
울산알루미늄정문,35.53371,129.371715,1,0
울산알루미늄후문,35.53371,129.371715,0,3
야음본동,35.527756,129.342696,12,11
수암동행정복지센터,35.524134,129.318244,324,46
롯데캐슬삼거리,35.522246,129.319172,328,82
울산해양경찰서,35.520991,129.315302,65,26
동부아파트입구,35.52742,129.322552,793,202
대현동행정복지센터,35.526642,129.327534,218,65
야음시장,35.524547,129.33051,759,184
울산번개시장,35.521738,129.3358,718,170
야음장생포행정복지센터,35.520409,129.338449,125,48
변전소,35.517905,129.34103,78,26
대현초등학교,35.526938,129.325834,430,85
번영로두산위브,35.529629,129.328703,111,17
국민요양병원,35.527326,129.330734,73,16
롯데인벤스,35.53089,129.297156,120,22
새터삼거리,35.519751,129.340453,72,31
동서그린아파트,35.529685,129.326823,54,24
남부초등학교,35.521866,129.320393,112,18
동부아파트204동,35.524634,129.319911,194,44
동부아파트104동,35.523961,129.321784,42,5
동부3단지아파트,35.523642,129.32407,64,14
홈플러스,35.526424,129.323583,386,89
울산세관입구,35.527678,129.326489,141,32
신정현대홈타운단지내,35.529963,129.324776,64,10
청강빌라,35.518147,129.334249,9,1
선암저수지,35.519338,129.332803,14,1
야음초등학교,35.520934,129.330382,20,2
선암수변공원입구,35.521905,129.329574,8,2
SK스포츠센터,35.522767,129.330228,14,5
신선여고,35.525194,129.326366,76,27
야음노인정,35.522929,129.334817,28,1
남구국민체육센터,35.523591,129.33771,8,4
신화마을,35.524053,129.341286,5,2
삼일고입구,35.51612,129.316307,768,365
선암동,35.513033,129.338261,88,22
명동마을,35.399766,129.162819,30,7
석유화학공단입구,35.509642,129.334418,9,1
한라훼미리아파트,35.521939,129.31271,215,22
SK정문,35.492293,129.361844,37,3
SK후문,35.492293,129.361844,23,7
선암호수노인복지관,35.513719,129.318956,213,17
삼일고앞,35.51612,129.316307,142,12
카프로사택,35.5176,129.315799,106,5
우주그린아파트,35.519763,129.312418,106,59
강남파크,35.516683,129.315368,2,13
선암초등학교,35.514433,129.336468,49,2
선암새마을금고,35.515791,129.337516,103,9
남양그린빌,35.507223,129.31157,93,4
개운초등학교아파트입구,35.514107,129.311163,71,2
목화아파트,35.508365,129.310853,15,1
호수공원축구장,35.516802,129.32094,2,0
보현사입구,35.52028,129.325698,3,1
가압장입구,35.508692,129.323904,2,3
개운포역,35.507756,129.321436,72,25
상개동,35.505123,129.31806,47,3
SK공장,35.502753,129.310603,13,1
석유화학단지입구,35.498466,129.339504,19,5
부곡동,35.500552,129.34064,11,0
포스코플랜텍,35.461821,129.342699,13,5
신한비료,35.481481,129.347285,16,1
개운포경상좌수영성,35.47726,129.346465,10,0
처용암입구,35.469282,129.350311,25,6
이지정문,35.468967,129.355975,10,2
SK케미칼,35.469168,129.358305,27,4
용연,35.469357,129.372814,22,7
울산국제물류센터,35.464085,129.369446,6,1
울산신항,35.462621,129.364263,22,0
SKC,35.492293,129.361844,3,0
FCC삼거리,35.490457,129.357697,3,0
황암마을,35.469399,129.363516,105,41
현대중공업용연공장,35.469675,129.366723,11,1
용연한국가스공사,35.47313,129.377521,2,0
듀퐁,35.495331,129.376196,0,1
SK에너지,35.493635,129.380938,0,2
장생포치안센터,35.50184,129.375015,51,14
장생포초등학교,35.502786,129.367623,26,5
울산해양경찰서부두,35.501092,129.371703,25,1
장생포복지문화센터,35.502444,129.377517,49,5
현대모비스울산공장,35.512482,129.366685,58,21
(주)후성,35.509302,129.377827,0,4
양죽마을,35.509052,129.381321,3,2
장생포고래박물관,35.503244,129.380609,85,20
장생포,35.509784,129.367375,23,6
후성,35.509302,129.377827,24,0
삼양사,35.51029,129.374404,21,2
부두노조,35.507338,129.384276,4,1
쌍용양회,35.52404,129.370791,4,2
제5부두,35.518559,129.372972,2,0
화암,35.478239,129.412256,375,59
비치타운,35.480528,129.414839,471,54
우성현대아파트,35.483501,129.418852,517,93
해피랜드아파트,35.48517,129.422137,369,17
방어동행정복지센터,35.485595,129.423191,376,127
방어진초등학교,35.487869,129.425855,376,72
휴먼시아아파트,35.491259,129.429472,340,63
화암중학교,35.485994,129.414356,504,88
일산새마을금고,35.50269,129.427692,390,45
꽃바위아파트,35.483823,129.409629,354,38
꽃바위,35.478833,129.410279,998,141
문현관,35.487391,129.416716,42,3
문재사거리,35.487271,129.418311,156,18
서남구수협,35.487564,129.421417,147,29
화진맨션,35.489004,129.423989,21,6
KCC울산공장,35.518827,129.397988,15,12
현대미포정문,35.507318,129.402056,124,24
현대미포동문,35.494222,129.408596,15,14
제일교회,35.485033,129.421164,18,6
미포해양개발앞,35.495984,129.40786,17,2
신진파크,35.489756,129.421498,81,14
화암촛등공원,35.476306,129.411008,16,0
유마트,35.479549,129.412241,18,1
문현고등학교,35.482355,129.410328,25,1
꽃바위성당,35.485842,129.410948,19,1
동구보훈복지회관,35.487283,129.411942,34,2
현도골든빌리지,35.485659,129.415278,10,1
문현시장,35.484976,129.417241,36,2
현대골프,35.485508,129.419125,16,4
방어진제일교회,35.486072,129.421842,126,10
방어진우체국,35.48709,129.421116,5,4
동진성끝,35.482208,129.431719,59,4
동진수협,35.484941,129.429603,15,1
엘크루202동,35.486798,129.431028,7,1
대성빌라,35.486448,129.427862,10,1
방어진시외터미널,35.486806,129.426163,32,2
방어동행정복지센터입구,35.485595,129.423191,14,7
한마음마트,35.489143,129.420472,50,5
방어진터미널,35.486702,129.426111,0,3
엘크루후문,35.487574,129.430374,42,3
휴먼시아.엘크루정문,35.489,129.429644,101,3
하늘채빌라,35.485815,129.427987,3,1
방어진농협,35.484984,129.424448,13,6
방어진시장,35.484344,129.42348,7,3
대왕암공원입구,35.490078,129.435992,992,140
한라타워,35.507927,129.419912,362,97
동구청,35.505277,129.41767,544,93
금강아파트,35.502492,129.416653,373,60
화정주공아파트,35.494429,129.418183,911,180
송정타워,35.490081,129.4164,456,195
일산해수욕장,35.496222,129.427382,1985,495
힐스테이트이스턴베이,35.49321,129.422292,151,13
화진중학교,35.495917,129.423061,253,57
월정사입구,35.497742,129.423544,86,22
생활과학고등학교,35.503466,129.42216,90,4
일산해수욕장입구,35.496222,129.427382,104,36
동구청사거리,35.504248,129.41637,24,2
방어진중학교,35.503893,129.418705,33,7
방어진고등학교,35.503475,129.424016,41,3
대송중학교,35.503944,129.420103,21,5
방어진성당사거리,35.492131,129.420481,18,2
동천탕,35.493197,129.420772,38,5
주공아파트입구,35.495346,129.419426,150,35
농수산물시장,35.498707,129.419781,267,52
드림마트,35.500664,129.419153,37,11
산돌교회,35.501423,129.418956,23,4
대송동행정복지센터,35.502555,129.419069,88,5
마디정형외과,35.493188,129.426302,37,1
동구문화원,35.494078,129.424863,17,2
월봉시장,35.494819,129.423629,16,2
대왕암공원,35.490078,129.435992,173,36
번덕마을,35.501499,129.428968,1058,375
현대중공업일산문,35.505181,129.429779,896,164
포석정,35.503119,129.426087,10,0
중전기복개천,35.504458,129.428133,29,3
전하인쇄사,35.505405,129.427867,6,3
동부경찰서,35.508821,129.42836,852,193
동울산우체국,35.511606,129.430771,1618,353
전하시장,35.512391,129.429755,308,95
전하1동행정복지센터,35.517319,129.431887,866,119
대경넥스빌,35.517016,129.426625,485,104
남호그린아파트,35.513419,129.423514,486,73
전하아이파크,35.510412,129.421779,539,117
평강교회,35.507009,129.424177,61,10
동울산시장,35.509013,129.425037,191,27
전하E편한세상,35.51285,129.425241,131,13
한마음아파트,35.51367,129.425153,37,8
전하후생관,35.515258,129.4254,101,24
한마음회관,35.518097,129.427282,89,13
울산대학교병원,35.519285,129.429933,223,32
광명교회,35.5064,129.427955,20,3
반석아파트,35.507481,129.428098,8,2
진성8길,35.509873,129.429578,15,5
한라한빛아파트,35.512623,129.426456,77,17
제일그린,35.507127,129.422872,16,5
전하2동행정복지센터,35.508983,129.426809,43,3
전하체육센터,35.513322,129.421762,6,1
늘푸른아파트,35.514071,129.42102,44,2
산록회관,35.514768,129.422476,10,1
주전게이트볼장,35.552264,129.451012,0,1
봉대산공원입구,35.553513,129.454755,34,6
주전큰마을,35.555631,129.456918,43,7
주전초등학교,35.558655,129.457057,17,6
주전항,35.560972,129.455731,41,4
주전새마을,35.564935,129.455634,24,1
주전해수욕장,35.566954,129.454303,9,3
주전어린이공원앞,35.551855,129.451289,1,0
한국프렌지,35.53926,129.428375,86,68
남목파출소,35.542468,129.429871,351,79
남목3동행정복지센터앞,35.545386,129.431208,202,34
남목농협,35.542018,129.426927,93,16
남목초등학교,35.542847,129.426311,41,3
목화맨션,35.544462,129.42581,45,7
벽산유토피아,35.546634,129.425324,100,4
남목청구아파트,35.544705,129.430079,6,6
남목한신아파트,35.545473,129.429943,33,4
쇠평마을,35.557812,129.429668,5,1
쇠평마을쉼터,35.559977,129.428981,2,0
수목원입구,35.551271,129.431781,1,0
현대중공업울산대학병원,35.521076,129.432104,2116,447
현대예술관,35.52255,129.431698,143,37
현대패밀리명덕1차,35.522976,129.427882,21,2
현대패밀리명덕2차,35.523113,129.426116,31,7
현대중공업어린이집,35.522761,129.430081,22,4
남목2동,35.524465,129.432888,569,155
서부패밀리아파트,35.528849,129.432981,2266,448
현대중공업미포문,35.533158,129.432128,1005,275
현대청운고,35.535619,129.430082,419,124
남목1동,35.539375,129.425258,3687,1221
남목1동행정복지센터,35.539106,129.420798,73,13
남목고등학교,35.537611,129.419225,179,57
동구노인요양원,35.53325,129.413238,56,18
정수장,35.530021,129.409219,18,7
서부성원상떼빌북문,35.52629,129.426473,84,22
지웰시티자이,35.526725,129.428589,246,39
서부패밀리110동,35.527406,129.431663,170,39
동부도서관,35.528353,129.427,213,36
녹수초등학교,35.530569,129.430788,177,54
남목입구,35.54065,129.425457,19,23
원지마을입구,35.608258,129.354787,127,82
농소공영차고지,35.611625,129.357501,1046,826
차일마을,35.616347,129.357522,62,52
북울산역앞,35.614412,129.371758,86,21
북울산역,35.614412,129.371758,140,32
농소운동장,35.620548,129.356233,159,53
농소1동행정복지센터,35.622116,129.355396,514,181
농소중학교,35.62492,129.353752,422,224
시장2리,35.627754,129.351193,877,223
공공산후조리원,35.631687,129.363844,29,14
유황사우나,35.628584,129.357728,121,36
홈골,35.63015,129.362636,4,9
농소1동도서관,35.629303,129.354637,48,8
호계주공아파트,35.630768,129.356745,24,1
호계중학교,35.631934,129.359551,44,6
호계한양수자인,35.622761,129.360106,46,12
호계주공1단지,35.632166,129.358043,3,0
호계중학교정문,35.631934,129.359551,2,0
월드메르디앙1단지,35.640506,129.358671,228,69
월드메르디앙2단지,35.64129,129.357638,290,63
매곡현대아파트,35.642613,129.35451,267,62
매곡푸르지오아파트,35.64345,129.35279,315,62
매곡푸르지오1차,35.645959,129.352569,243,47
매곡119안전센터,35.648203,129.359164,15,11
매곡종점,35.639337,129.36366,162,19
평해사입구,35.648008,129.365293,5,3
일신정밀,35.645964,129.363538,5,0
(주)리한,35.643817,129.365343,1,1
매곡휴먼시아,35.643355,129.350844,192,43
중산초등학교,35.650563,129.351804,53,24
매곡,35.639337,129.36366,14,3
연지암입구,35.64241,129.365326,4,5
자동차부품혁신센터,35.650005,129.363509,5,0
매곡중학교,35.645098,129.34973,5,1
광장교회,35.641752,129.357552,7,13
마동,35.638861,129.362288,1,1
신기회관,35.644854,129.35654,10,6
현대파크맨션,35.64575,129.354485,9,5
가대입구,35.611098,129.311564,2,0
가대구회관,35.609135,129.31168,8,0
가대회관,35.604459,129.314191,9,0
버덩길,35.6062,129.312246,0,1
대방마을입구,35.619575,129.312216,1,0
신천,35.631659,129.350679,1667,495
농소2동행정복지센터,35.638598,129.34681,766,386
천곡사거리,35.639346,129.34512,12,35
농소농협하나로마트,35.634721,129.349418,5,8
와우시티교,35.63858,129.352654,2,1
원동현대아파트,35.632792,129.345234,24,8
엠코타운,35.644031,129.347138,15,2
신천리플렉스,35.635086,129.355474,4,1
약수마을,35.646477,129.342893,193,35
화정마을,35.65724,129.340833,193,45
이화마을,35.661709,129.339344,549,113
메아리학교,35.665217,129.339464,69,14
약수윗마을,35.651858,129.351944,125,28
U스타시티일동미라주,35.6523,129.353823,184,25
약수제일아파트,35.647971,129.342644,0,3
오토밸리줌파크,35.654035,129.348956,148,9
중산중앙로교차로,35.653076,129.351213,12,0
홈플러스북구점,35.629113,129.345266,118,87
쌍용아진그린타운1차,35.629334,129.341225,302,59
쌍용아진그린타운2차,35.630266,129.339986,417,82
샛터,35.615591,129.338163,3,0
상안마을,35.621694,129.337427,4,0
양지마을,35.624646,129.331985,1,0
동산,35.616179,129.329847,9,0
상안마을회관,35.621694,129.337427,6,0
쌍용아진그린타운4차,35.631416,129.335337,119,60
쇠부리체육센터,35.636314,129.333592,103,8
천곡마을입구,35.63911,129.330387,140,23
대동아파트입구,35.638991,129.327359,150,23
벽산블루밍,35.637296,129.328939,65,10
달천아이파크1차,35.634251,129.329766,124,39
상안초등학교,35.63353,129.334711,346,27
쌍용아진그린타운3차,35.630683,129.335878,384,31
황토방아파트,35.638965,129.325658,66,2
대동아파트,35.638991,129.327359,101,2
일지리버아파트,35.639001,129.338662,11,2
선창골,35.647833,129.323361,5,0
천곡,35.645796,129.325821,3,0
천곡회관,35.642738,129.329351,12,0
정안요양병원,35.653976,129.313901,1,1
달천아이파크2차,35.632955,129.328256,328,56
그린카운티입구,35.630493,129.325386,38,10
달천회관,35.630361,129.314804,32,3
달천농공단지입구,35.631327,129.316685,49,1
그린카운티2차,35.63264,129.32498,9,1
창좌입구,35.607781,129.344488,8,1
성혜마을,35.596309,129.345225,13,1
달곡마을,35.604687,129.432772,33,10
주렴,35.608228,129.437125,3,2
달곡마을회관,35.608352,129.426511,1,0
제전마을,35.605151,129.457688,13,0
제전입구,35.60686,129.457117,4,0
복성마을,35.608232,129.456029,4,1
판지마을,35.612242,129.455939,11,0
강동해수탕,35.613539,129.450457,4,2
정자,35.615551,129.447535,34,33
아진비치아파트,35.619482,129.447321,33,7
북정자,35.621284,129.446071,10,5
정자삼거리,35.615551,129.447535,146,7
강동동행정복지센터,35.613255,129.445528,14,3
대안입구,35.648095,129.422527,31,8
신명마을,35.382617,129.155101,24,2
신명(달맞이휴게소),35.64757,129.445575,10,0
신명휴게소,35.651406,129.448132,1,0
공암입구,35.530354,129.102433,9,1
대안,35.648095,129.422527,17,3
금천마을입구,35.580245,129.452222,12,1
금천마을,35.580245,129.452222,8,0
튜릭아트박물관,35.581823,129.455384,8,0
당사마을,35.585322,129.455893,14,1
당사군부대,35.585958,129.461999,1,1
우가마을,35.593995,129.462281,8,0
윗우가마을,35.597544,129.462973,7,0
우가축양장,35.602298,129.462147,0,1
구남마을,35.592257,129.429834,11,1
신전마을,35.598141,129.430747,3,1
웰빙숲체험마을,35.589982,129.424701,0,2
산음,35.624201,129.443398,89,29
푸르지오2차,35.624752,129.438882,295,40
강동중학교,35.628587,129.437665,12,1
강동초등학교,35.631909,129.437008,22,7
강동서희스타힐스,35.636352,129.437627,306,47
푸르지오1차,35.637057,129.435769,43,3
산하,35.628706,129.441147,18,3
화암입구,35.478239,129.412256,28,4
군부대,35.637895,129.440261,20,2
산하사거리,35.623954,129.440681,1,0
산하중앙사거리,35.636084,129.438799,55,5
스포츠과학중고교,35.624748,129.433515,1,0
성골마을,35.572232,129.451915,12,2
구암마을,35.57519,129.452369,18,4
금천마을회관,35.579862,129.450064,14,3
마애사,35.577694,129.438366,9,1
왕바우,35.57799,129.432709,1,0
황토전경로당,35.579519,129.431753,2,0
황토전,35.580989,129.430437,0,1
복골마을,35.582296,129.429918,1,0
현대자동차명촌정문,35.542155,129.385175,262,110
평창리비에르아파트,35.551032,129.358767,751,209
명촌차고지(종점),35.552362,129.360579,62,99
평창리비에르3차,35.55338,129.354475,188,17
강변효성해링턴,35.556891,129.353473,38,5
명촌차고지(기점),35.552362,129.360579,354,5
평창리비에르,35.55338,129.354475,247,35
효문사거리,35.561309,129.36357,357,240
농심메가마트,35.560876,129.356048,1361,503
진장중학교,35.563892,129.357148,33,7
한성미트뱅크,35.568115,129.356863,36,18
차량등록사업소입구,35.570591,129.355874,155,66
울산우편집중국,35.573472,129.356534,54,32
롯데마트진장점,35.5759,129.356723,261,111
농수산물종합유통센터정문,35.58052,129.35776,340,161
명촌동입구,35.557756,129.357004,37,32
차량등록사업소,35.570591,129.355874,21,8
우정교회,35.559702,129.357185,45,35
명촌동,35.557756,129.357004,50,27
메가마트,35.547711,129.115216,229,48
원연암마을,35.573877,129.363486,11,1
연암사거리,35.576072,129.363196,18,10
덕양산업,35.579647,129.363033,31,24
LG진로아파트,35.585869,129.366089,379,100
화봉시장,35.588369,129.365448,1740,696
농수산물종합유통센터후문,35.58052,129.35776,177,94
북구청남문,35.580659,129.361342,822,396
연암,35.580478,129.369183,17,11
연암동,35.5828,129.369174,100,15
연암초등학교,35.586,129.370203,106,32
무룡고등학교,35.586329,129.359169,90,73
북구청앞,35.582483,129.359906,362,171
상방마을,35.581112,129.36589,16,4
모듈화산업단지입구,35.577939,129.374382,35,9
효문동행정복지센터,35.577936,129.360578,16,13
울산경제일자리진흥원,35.571534,129.361007,73,25
에프유,35.581056,129.375445,0,2
오에스,35.582901,129.374474,1,0
상연암,35.578173,129.376494,8,0
연암배면교차로,35.577459,129.369976,4,2
삼주기업,35.576522,129.366122,2,0
효정고등학교입구,35.560418,129.372658,311,62
효문입구,35.561951,129.371399,1,3
효문초등학교,35.565185,129.370642,8,2
SJG세종,35.56945,129.367571,84,21
대신강업,35.571452,129.367066,43,14
합동공업사,35.561007,129.368098,124,26
영산공업사,35.560589,129.36928,101,34
현대출고교차로,35.560553,129.37668,61,16
효문교차로,35.571987,129.374272,31,16
센트랄,35.572457,129.376351,4,0
진우,35.571628,129.376986,1,0
금강기계공업,35.564292,129.377063,1,0
시민의발서비스,35.565355,129.367676,4,4
현대자동차4공장,35.540241,129.386322,962,204
현대자동차정문,35.542155,129.385175,962,187
양정힐스테이트,35.550766,129.382709,620,101
현대자동차2공장,35.552756,129.381424,279,78
아랫율동,35.556744,129.379384,350,69
현대출고사무소,35.559674,129.37559,1065,144
화봉중학교,35.588184,129.359971,604,246
울산공항,35.592766,129.357506,1604,1008
화봉초등학교,35.595881,129.366655,480,102
한라비발디,35.598041,129.366501,46,20
송정LH1단지,35.599469,129.366241,26,39
금강펜테리움,35.598034,129.366286,171,12
화봉휴먼시아2단지,35.594012,129.367681,100,6
화봉쌍용예가,35.593777,129.367565,41,17
한라비발디정문,35.598041,129.366501,6,6
화봉고등학교,35.593833,129.369909,56,14
울산송정푸르지오,35.599727,129.37056,46,2
울산북부경찰서,35.597996,129.371118,6,5
울산공항정문,35.592766,129.357506,8,11
화봉휴먼시아3단지,35.593938,129.365717,91,10
송정동행정복지센터,35.592585,129.365025,15,6
송정초등학교,35.590765,129.365102,14,3
동아청구아파트앞,35.588666,129.366092,99,28
반도유보라정문,35.603555,129.367745,446,50
송정하우스디,35.603751,129.365226,98,33
호반베르디움,35.603779,129.360891,135,34
지당마을,35.603216,129.355175,23,11
유아교육진흥원,35.604928,129.353844,36,37
곡리마을,35.60567,129.365864,135,34
북부소방서,35.60674,129.368823,57,12
송정동,35.601353,129.355194,2,8
제일풍경채,35.604704,129.369612,37,9
제일풍경채정문,35.604704,129.369612,115,9
반도유보라,35.603555,129.367745,42,14
박상진의사송정역사공원,35.602564,129.360827,103,13
고헌중학교,35.599383,129.36165,9,5
한양수자인,35.602392,129.363219,75,16
고헌초등학교,35.601304,129.370516,3,8
금강펜테리움2차,35.60358,129.366335,17,3
성내,35.525782,129.399189,428,112
염포동,35.528305,129.396372,222,60
성원상떼빌,35.53113,129.393123,1145,171
신전,35.534709,129.389447,889,153
자동차선적장2,35.524465,129.391231,51,17
자동차선적장1,35.523587,129.391478,27,15
공단중기,35.438726,129.331277,40,6
백골부대성역지,35.434672,129.324363,11,23
제일물산입구,35.428182,129.337509,11,5
산성마을,35.428412,129.328809,10,3
LG온산공장,35.428179,129.333272,6,3
용안사,35.410321,129.311215,0,1
삼평초등학교,35.405646,129.322492,11,2
영묘사,35.400418,129.326714,4,0
삼평마을,35.405639,129.323476,1,0
내회마을,35.406011,129.320553,1,0
상회회관,35.407254,129.315249,1,0
상회입구,35.407471,129.312494,1,0
강양,35.391746,129.345088,9,2
웃강양,35.393889,129.339537,15,0
하회마을,35.398567,129.332423,7,0
온산수질개선사업소,35.411101,129.35124,2,0
신한중공업,35.40594,129.348884,3,1
온산수질개선사업소정문,35.411101,129.35124,3,1
처용삼거리,35.467078,129.333377,1,1
볼보트럭울산사업소,35.466601,129.338043,9,6
지후,35.463352,129.339739,28,5
신일반산업단지입구,35.461844,129.338913,3,0
외황로입구,35.461878,129.334765,11,10
처용마을입구,35.466135,129.332315,50,14
처용고가교,35.469558,129.334647,2,0
S-oil동문입구,35.442572,129.35037,8,2
이영산업기계입구,35.437647,129.351219,12,4
세진중공업,35.423374,129.351231,49,16
이진마을입구,35.428817,129.351218,21,6
S-oil정문,35.446598,129.334379,227,16
화산119센터,35.441537,129.334464,15,7
S-oil후문,35.446598,129.334379,5,8
KG케미칼,35.432747,129.351491,2,2
한텍,35.417852,129.351233,7,6
코스모화학,35.417852,129.338234,9,2
한국제지,35.410542,129.346774,8,1
온산읍행정복지센터,35.434026,129.313143,520,162
온산우체국,35.433516,129.308558,166,70
온산중고등학교,35.440373,129.316283,23,4
온산문화체육센터,35.438035,129.314612,8,0
명봉마을,35.435551,129.313546,17,3
덕신소공원,35.432872,129.311153,159,71
진영프리텔,35.431325,129.309235,155,45
덕신대교,35.428966,129.305817,142,58
오산마을,35.444031,129.300505,3,4
동원아파트입구,35.439665,129.305969,90,10
동원아파트,35.439665,129.305969,178,44
울산기술공업고등학교앞,35.437215,129.308392,164,31
덕신초등학교,35.434757,129.305913,62,22
크로바강변빌라,35.427612,129.306422,16,7
해븐빌리지6차,35.426425,129.308709,37,6
무림피앤피사원주택,35.425601,129.311794,3,4
무궁화아파트,35.427591,129.311932,107,11
덕신입구,35.439596,129.284711,2,4
온산농협,35.433531,129.312248,6,1
동백아파트,35.440366,129.307792,3,0
소방서,35.433412,129.306207,18,6
한국제지사택,35.42999,129.311312,4,2
LS사택,35.430648,129.312969,2,0
울산기술공업고등학교,35.437215,129.308392,10,0
(주)TCT제2공장,35.461289,129.333938,69,9
회학마을입구,35.455742,129.333888,39,4
대한유화,35.451839,129.334082,49,4
거남마을,35.454493,129.318623,0,2
협진ENG,35.44951,129.317728,0,2
장촌상리,35.549795,129.148859,5,5
공촌,35.549664,129.162781,27,4
대방아파트,35.549436,129.167105,66,4
반송,35.550178,129.170117,19,2
반천마을,35.553349,129.178678,25,3
효성앞,35.514856,129.359367,1,2
장촌,35.549046,129.151723,13,6
(주)SLT,35.564582,129.145634,3,2
반천현대아파트,35.558925,129.189997,205,26
반송교차로,35.551026,129.181779,9,3
반천현대아파트입구,35.558925,129.189997,11,9
미연,35.559454,129.184282,14,3
반천초등학교,35.556362,129.181323,41,9
반천,35.554256,129.178483,17,2
반곡초등학교,35.602753,129.139963,10,0
옥동,35.608056,129.144946,8,0
고하,35.604999,129.141889,5,0
다개입구,35.613378,129.122913,3,1
고속도휴게소,35.597124,129.136045,2,0
개말,35.602932,129.135447,1,0
울주도서관,35.558053,129.137268,35,10
어음리E편한세상,35.560142,129.134086,316,108
언양고등학교,35.560897,129.133034,74,9
언양자동차학원,35.556945,129.1396,3,15
언양임시시외터미널앞,35.562458,129.130056,92,34
양우내안애,35.58101,129.122733,304,27
언양하나로마트,35.573576,129.122865,3,1
고중마을,35.602628,129.129453,1,0
다개사입구,35.60579,129.12624,3,0
원평마을,35.609069,129.127517,2,0
갈전,35.617439,129.124799,2,0
다개,35.613378,129.122913,2,0
새말,35.611202,129.124159,1,0
정거리,35.59365,129.13432,4,1
관정마을,35.588514,129.131111,1,0
신화3길입구,35.585477,129.126806,2,0
신화(태기)입구,35.588523,129.133718,5,0
외골길,35.581786,129.137341,4,0
신흥마을회관,35.575078,129.133821,1,0
언양우체국,35.565512,129.124944,236,34
언양읍행정복지센터,35.569409,129.125062,43,20
경남아너스빌,35.571268,129.125375,183,18
동부주공,35.571826,129.12232,44,2
언양중학교,35.569944,129.127712,4,12
시장입구,35.564649,129.125739,109,90
언양읍성북문,35.570078,129.122377,86,17
언양복지회관,35.56985,129.126581,58,2
금성종합상사,35.570485,129.120441,7,3
농협중앙회,35.565122,129.123996,89,5
삼성아파트,35.56694,129.111861,169,35
경동청구,35.569528,129.108379,90,8
언양맨션,35.567302,129.117354,137,30
언양성당,35.568572,129.114898,121,11
언양전화국,35.566209,129.118995,50,20
언삼교사거리,35.564717,129.116008,0,1
울산축산회관,35.566114,129.117625,121,19
남천교사거리,35.563989,129.121294,2,2
혜원어린이집,35.566413,129.110063,1,0
영화루사거리,35.565065,129.122204,5,7
구.언양버스터미널,35.563142,129.127367,1501,412
언양알프스시장,35.563576,129.124748,19,15
남천교,35.563122,129.124058,155,62
언양알프스시장입구,35.563576,129.124748,26,16
울산과학기술원,35.573753,129.191777,941,209
태기마을,35.591469,129.146013,6,0
무동,35.564486,129.194084,5,3
온양하나로마트,35.408917,129.291412,220,24
울산온천,35.408064,129.294802,44,6
남부노인복지관,35.407706,129.297866,141,18
진동마을,35.397591,129.286787,1,0
럭키아파트,35.410347,129.28135,191,44
온양농협,35.409889,129.284142,292,57
솔밭마을,35.408695,129.288086,337,47
동호아파트,35.412387,129.280356,251,58
우주아파트,35.405636,129.286366,42,4
대우아파트,35.406881,129.286847,48,4
온남초등학교,35.406544,129.288224,8,0
대안현대아파트앞,35.412238,129.285059,6,2
원동마을,35.458666,129.290309,180,45
LX하우시스,35.454142,129.291494,65,20
망양마을,35.449986,129.295236,108,20
망양역,35.456389,129.288474,102,64
온양이편한세상,35.453253,129.297044,35,0
온양읍행정복지센터,35.419767,129.280777,42,39
남창,35.417157,129.280812,210,38
온양우체국,35.417069,129.281684,193,74
남창입구,35.417157,129.280812,46,8
남창역,35.419039,129.28196,6,1
남창중학교,35.419513,129.287907,88,11
동상회관,35.41911,129.290037,35,1
하서,35.414676,129.304929,7,1
중서,35.417489,129.297705,7,1
벌방,35.438778,129.227054,1,0
중광마을입구,35.439486,129.232034,3,0
내광가림지,35.431303,129.212759,1,2
내광종점,35.428515,129.209324,3,0
평광마을,35.432956,129.251988,1,0
외광마을,35.437026,129.241608,3,0
새각단,35.436726,129.244545,5,0
귀지마을,35.423736,129.266553,3,0
남창고등학교,35.416643,129.278337,238,54
대안사거리,35.414318,129.282636,131,22
대운산,35.395231,129.244926,5,0
상대마을,35.398345,129.250917,15,1
대운산제2주차장,35.400749,129.255384,1,0
하대음달,35.407213,129.264161,4,0
위드아파트,35.41559,129.274614,2,0
하대양달,35.409135,129.264093,3,0
온양체육공원,35.427015,129.280685,5,5
외고산옹기마을,35.433999,129.280799,28,3
외고산마을입구,35.429036,129.275043,1,0
내고산,35.443255,129.264498,4,1
중고산마을입구,35.429887,129.273316,2,0
울산과학기술원입구,35.573753,129.191777,59,31
사연,35.572354,129.202854,18,13
울산과학기술원정문,35.573753,129.191777,7,11
울산과학기술원후문,35.573753,129.191777,1,0
범서읍행정복지센터,35.56872,129.23095,191,87
천상1교사거리,35.568784,129.232227,90,58
천상고등학교,35.565401,129.222564,115,4
천상청구그린타운,35.5638,129.221851,160,17
천상중학교,35.562147,129.221968,103,11
천상청구제네스아파트,35.562138,129.223773,288,34
한라아파트,35.562516,129.22608,524,103
천상,35.563204,129.229306,498,104
범서초등학교,35.563727,129.231814,197,49
구.점촌교입구,35.56725,129.233532,2,2
진목회관,35.572369,129.208867,30,14
구영리입구,35.571389,129.232539,41,22
선바위교,35.576678,129.233629,15,10
입암,35.572432,129.225533,8,2
진목,35.572524,129.212653,8,5
선바위입구,35.581185,129.235115,1,1
선바위,35.581185,129.235115,0,1
울산상업고등학교,35.558624,129.254444,360,136
백천마을,35.559652,129.251497,7,5
구영교,35.560679,129.248535,47,33
굴화마을,35.557727,129.257706,303,94
농협하나로마트,35.557148,129.254763,64,26
장검중학교,35.554114,129.252962,223,39
문수산더샵정문,35.551292,129.251538,72,13
우림음악학원,35.554424,129.261548,3,0
월드메르디앙,35.55625,129.260251,1,1
문수산더샵후문,35.551292,129.251538,53,6
수필아파트,35.548612,129.25054,29,6
신동아파밀리에아파트,35.547324,129.248728,0,1
동문굿모닝힐,35.548938,129.251009,36,3
강변그린빌,35.557078,129.263347,119,13
내사,35.586938,129.266838,28,5
들꽃학습원,35.590945,129.269257,24,7
서사시티프라디움,35.593149,129.27469,30,9
신척과,35.598463,129.275187,1,1
들꽃학습원앞,35.590945,129.269257,0,1
새밭등,35.60667,129.280123,1,3
구룡삼거리,35.608935,129.279602,11,0
연동,35.604006,129.280419,3,0
구룡회관,35.612169,129.279847,3,2
먹골,35.625792,129.286493,10,1
왕걸,35.630155,129.288151,10,0
성산주유소,35.634443,129.287477,9,1
대신회관,35.643057,129.287314,9,1
천룡사,35.646484,129.286763,4,0
큰마을,35.637447,129.287882,8,0
방아다리마을,35.620678,129.286034,3,0
굿모닝힐,35.577778,129.239803,129,14
우미린1차,35.576183,129.242073,568,133
우미린2차.푸르지오2차,35.573149,129.241917,1189,239
범서파출소,35.571821,129.24393,314,67
주공1단지,35.569741,129.248212,451,96
대리마을,35.663418,129.171915,341,90
현대3차아파트,35.569854,129.241215,162,44
일신아파트,35.570416,129.239102,211,38
현대2차아파트,35.570724,129.235968,92,12
한신아파트,35.572574,129.241127,25,38
울주군국민체육센터,35.574911,129.243369,60,21
구영회차지(기점),35.563787,129.251374,18,1
구영종점(종점),35.560679,129.248535,0,3
지지마을허고개,35.625967,129.220938,10,1
지지,35.617991,129.226629,3,0
중리회관,35.600699,129.233298,1,0
범서중리,35.597715,129.233442,4,0
망성교,35.586243,129.231071,9,1
망성,35.589852,129.231109,3,0
욱실,35.58526,129.224632,4,1
농협척과지점,35.61316,129.276401,7,1
척과초등학교,35.614677,129.274627,7,3
반용회관,35.621136,129.268519,23,2
상동,35.623994,129.265941,22,0
반용종점,35.633016,129.257614,7,0
약불암,35.630585,129.25822,4,0
뒷농골,35.626583,129.263811,3,0
붉은밭골,35.622554,129.267378,1,0
홍상골,35.617582,129.271293,17,1
뉴시티에일린의뜰,35.482507,129.302426,95,14
뉴시티에일린의뜰2단지,35.48142,129.303112,93,12
덕정마을,35.485602,129.298647,21,7
뉴시티에일린의뜰1단지,35.482731,129.300741,21,4
청량초등학교,35.487589,129.298189,11,12
유림아파트,35.487732,129.29618,157,16
화정마을입구,35.65724,129.340833,2,2
동지마을,35.487238,129.283535,6,2
화정마을회관,35.489333,129.281085,5,0
중리입구,35.623944,129.136721,1,0
양동마을,35.46694,129.292474,17,10
수질연구소,35.464963,129.285748,4,0
양천마을회관,35.46831,129.28183,2,0
청량파출소,35.494691,129.305898,20,21
덕하한양수자인,35.489005,129.301709,248,67
신일해피트리,35.487395,129.302653,141,32
나슬공원,35.484473,129.303675,43,5
덕하공영차고지,35.47551,129.310488,142,109
덕하삼거리,35.494759,129.306365,10,28
덕하시장앞,35.491889,129.307195,231,153
청량중학교,35.487728,129.307744,124,45
상남,35.484743,129.308504,102,34
청백교앞,35.48162,129.309115,7,12
덕하교,35.48716,129.300214,2,3
송전1구경로당,35.487299,129.30691,7,2
청량중학교정문,35.487728,129.307744,17,4
상남골드클래스,35.483853,129.304635,2,0
덕하역,35.493502,129.303703,8,1
청량읍행정복지센터,35.492801,129.305956,1,1
개산교,35.495691,129.291813,0,1
진곡교,35.501301,129.286566,3,0
만주곡,35.509953,129.275727,2,1
진곡마을,35.50685,129.283481,1,0
울산구치소입구,35.528654,129.258926,22,9
수문마을회관,35.509113,129.265007,4,2
울산구치소,35.528654,129.258926,1,0
두현회관앞,35.526932,129.26011,6,1
두현교앞,35.522986,129.262426,6,0
죽전교,35.513957,129.272368,2,0
죽전마을,35.531381,129.010148,5,0
농업기술센터,35.522438,129.265742,1,0
반정삼거리,35.491998,129.229288,17,24
삼정초등학교,35.492069,129.232955,103,4
쌍용하나빌리지,35.495596,129.238008,390,20
쌍용하나빌리지206,35.494263,129.239222,12,6
쌍용하나빌리지종점,35.495596,129.238008,252,5
상정마을회관,35.494303,129.266249,8,2
반정마을,35.499986,129.241775,5,1
상정마을,35.495627,129.258091,2,0
율리,35.530727,129.248528,350,104
울주군청정문,35.521789,129.243228,32,11
영해마을,35.525559,129.245133,151,41
울주군청,35.521789,129.243228,102,33
문수초등학교,35.519879,129.242268,21,4
율현마을,35.509613,129.236668,20,7
문수데시앙3단지,35.525887,129.243711,27,5
안영축종점,35.529197,129.229427,3,0
안영축,35.529197,129.229427,1,1
영축사지,35.530016,129.233916,10,0
낭지교,35.528915,129.237901,4,0
영해노인회관,35.527309,129.241053,11,0
문수초등학교정문,35.519879,129.242268,1,0
신촌마을,35.468034,129.320971,28,12
용암마을,35.469456,129.316343,15,9
용연유수지,35.480165,129.333546,4,3
화학재난합동방재센터,35.474574,129.330103,3,0
마산입구,35.537761,129.121611,116,22
벌장,35.545985,129.114163,91,16
작천정입구,35.550865,129.102304,83,15
울산산업고등학교,35.553749,129.117666,146,30
동문디이스트,35.557922,129.131825,39,8
우성스마트시티뷰,35.559136,129.128036,43,4
울산전시컨벤션센터(UECO),35.555803,129.13283,4,7
서울산보람병원,35.559285,129.120984,104,27
상평마을,35.562274,129.12183,34,12
작천교,35.548527,129.10829,4,1
센트레빌더테라스,35.555551,129.128509,3,1
영남알프스타운,35.543687,129.107308,77,4
삼남읍행정복지센터,35.541762,129.10749,42,7
언양병원,35.560579,129.125908,0,2
언삼교,35.563282,129.11664,18,6
부산은행,35.557734,129.119558,25,3
울주보건소,35.558353,129.113487,10,1
향교마을,35.556906,129.11499,5,0
소슬채아파트앞,35.55285,129.113504,6,1
청조공원,35.55351,129.112271,7,1
서부노인복지관,35.55652,129.112876,30,5
교동주공아파트,35.559848,129.113888,88,3
계룡리슈빌아파트,35.562384,129.11439,23,3
부일맨션,35.539203,129.104913,3,0
새진흥아파트,35.540145,129.106591,2,1
KTX울산역출발,35.550649,129.138841,1,0
가천,35.522843,129.096035,50,10
신안입구,35.5255,129.099384,16,1
공암,35.530354,129.102433,19,6
대원그린아파트,35.532375,129.104877,55,10
상천마을,35.518619,129.106733,1,0
지내마을,35.51852,129.095889,5,0
삼남중학교,35.523955,129.097649,78,3
신복회관,35.53194,129.11695,2,0
상천마을회관,35.519667,129.106752,3,0
신안마을회관앞,35.525502,129.107578,7,0
언양정비,35.52776,129.100532,3,3
지내,35.51852,129.095889,6,0
쌍수입구,35.540623,129.132632,6,0
KTX울산역,35.550649,129.138841,3650,959
삼남신화,35.538382,129.125906,9,1
마산,35.537761,129.121611,3,0
금아드림팰리스,35.54705,129.140352,101,24
중남초등학교,35.53693,129.108418,37,9
마산1길입구,35.538411,129.118605,5,0
웃마산,35.538766,129.115547,2,0
후평마을,35.543457,129.123864,3,0
방기초등학교,35.506988,129.092193,38,5
신흥마을입구,35.57552,129.131223,2,2
삼성SDI,35.51229,129.095766,43,7
이손요양병원,35.506147,129.091194,18,0
방기농협,35.50656,129.087715,6,0
삼아아파트,35.508142,129.084401,18,0
은진빌라,35.508516,129.081655,3,0
팰리스원,35.508731,129.080184,1,2
상방마을종점,35.581112,129.36589,4,0
상방경로당,35.510607,129.080515,1,0
청호빌라,35.510258,129.081583,1,0
23-6번지,35.509589,129.082525,2,0
보광사,35.508538,129.08338,7,0
삼성교회,35.50755,129.085682,13,0
동광카,35.504313,129.088453,3,2
방기,35.505281,129.089603,87,22
강당경로당,35.524406,129.093687,5,0
신리마을,35.597891,129.110353,4,2
서생농협,35.348121,129.323295,39,9
신암,35.346927,129.320518,6,0
신리삼거리,35.597891,129.110353,8,0
신리입구,35.597891,129.110353,2,0
서생면행정복지센터입구,35.34965,129.325198,46,11
신암입구,35.346927,129.320518,25,5
신리,35.597891,129.110353,20,3
서생교량,35.344238,129.303931,3,1
서생중학교,35.350746,129.329452,18,3
연산마을,35.343751,129.299729,6,6
서생농협구동지점,35.346161,129.294867,57,10
서생역앞,35.345575,129.293162,28,11
산자골,35.356038,129.346299,18,2
나사리,35.356799,129.343286,23,8
나사리입구,35.356799,129.343286,33,3
해연사,35.356566,129.344508,12,0
나사마을,35.357276,129.339678,2,1
나사해안길,35.356397,129.342118,6,0
해돋이경로당,35.353737,129.34731,4,2
바다펜션앞,35.354347,129.348634,3,1
나사출장소,35.355026,129.342673,1,0
화산장터,35.34918,129.295357,5,0
화산마을,35.358457,129.293236,2,0
송정마을,35.366269,129.353254,10,2
간절곶,35.359426,129.355264,42,13
평동,35.357945,129.35318,16,4
평동방파제입구,35.355354,129.354432,6,0
평동해안길,35.355507,129.358256,0,1
대송마을회관,35.361009,129.355532,5,0
울산기후위기대응교육센터,35.358936,129.357333,2,0
진하해수욕장입구,35.384577,129.343861,262,50
진하공영주차장,35.382042,129.341226,8,0
서생포왜성,35.386605,129.33805,13,6
솔개마을,35.373265,129.346507,7,2
대성농수산,35.370509,129.353033,3,2
진하해수욕장,35.384577,129.343861,1,0
내회,35.400023,129.313561,4,0
서생교,35.392458,129.332232,6,2
술마,35.396516,129.321111,4,2
술마교,35.402951,129.310913,1,0
양암,35.359679,129.295765,3,0
막곡마을,35.364972,129.299107,2,0
초천마을,35.466262,129.216257,3,0
석천마을,35.470607,129.234813,5,0
웅촌,35.464054,129.208756,536,102
웅촌면사무소,35.461552,129.206746,11,3
대진,35.455875,129.205709,10,12
서중회관,35.462822,129.202729,33,12
춘해보건대학교,35.459249,129.195556,329,21
웅촌LH아파트,35.457578,129.192652,49,7
웅촌면행정복지센터,35.46182,129.208974,64,10
웅촌목욕탕,35.462223,129.205232,12,2
웅촌초등학교,35.464633,129.208266,34,7
검단마을,35.456222,129.184635,2,0
새검단,35.456095,129.189341,6,1
덕현마을,35.46713,129.172767,1,0
암곡마을,35.463257,129.174822,9,0
검단분교,35.458249,129.177138,19,0
부전기도원,35.453299,129.179173,2,0
검단마을회관,35.460265,129.183607,4,0
검단공원,35.458702,129.180297,0,1
신암공단,35.473794,129.175451,2,0
신암마을회관,35.468919,129.172413,31,3
은하,35.457621,129.167162,5,0
서리,35.464399,129.164606,2,0
덕현,35.469617,129.165317,1,0
덕산,35.471078,129.16862,1,0
연답삼거리,35.442446,129.173093,25,4
와지,35.437261,129.175981,12,1
괴천,35.450778,129.175684,9,1
괴천다리,35.447653,129.17434,2,0
고연국밥,35.445561,129.17339,16,8
관동,35.443762,129.173294,5,0
한일금속,35.439314,129.175888,2,4
케이엠씨,35.434738,129.176758,4,0
반계입구,35.449494,129.160166,2,0
반계,35.449494,129.160166,5,0
하대마을,35.450227,129.201251,31,6
중대마을,35.4445,129.197396,33,8
울산컨트리클럽,35.436716,129.190483,0,2
대복입구울산예고,35.484109,129.217036,322,93
신진자동차학원,35.480776,129.219275,13,10
오복마을,35.475007,129.219504,81,19
대복입구,35.484792,129.216838,67,25
한솔그린빌,35.490115,129.212398,328,31
당고개,35.508034,129.197313,5,1
신토불이,35.492477,129.21135,7,0
대복구판장,35.487781,129.213899,12,3
오복회관,35.473599,129.221577,3,2
박제상유적지,35.65382,129.230024,2,0
옷밭,35.654884,129.234105,3,0
칠조회관,35.648132,129.235478,5,0
밤골마을,35.640591,129.228058,3,0
화전교회,35.653607,129.226329,1,0
비조,35.646942,129.23293,1,0
이전마을,35.643288,129.228035,3,1
율림,35.638269,129.224375,4,1
두동면행정복지센터,35.654519,129.201275,23,5
대밀사거리,35.655746,129.199174,5,1
허지기,35.666929,129.215403,0,1
문화촌입구,35.670455,129.227663,8,0
당산,35.535995,129.010951,5,0
주원마을,35.664085,129.199894,7,0
두동대밀,35.660207,129.201593,3,0
홍골,35.650894,129.205768,1,0
유지터,35.687008,129.227304,3,0
상월평,35.688574,129.224643,1,1
월평회관,35.695313,129.212117,2,0
하월평,35.698568,129.209138,7,0
상월평입구,35.688574,129.224643,1,0
한들,35.691108,129.217742,1,0
두동양지,35.651449,129.220203,1,0
당지,35.651666,129.223084,2,0
당지마을,35.653031,129.224832,4,0
활천입구,35.709683,129.195681,6,1
봉계,35.713857,129.197825,60,15
계당마을회관,35.70988,129.20275,3,1
두동농공단지,35.704452,129.206611,1,0
봉월초등학교,35.701351,129.207624,3,0
구량천전,35.616907,129.149287,9,2
반구대입구,35.614057,129.147603,4,0
대곡박물관,35.618806,129.168339,1,0
울산암각화박물관,35.608585,129.170089,0,3
은편삼거리,35.634121,129.218768,9,0
장성마을,35.648481,129.212248,4,3
신기,35.63138,129.219545,12,1
은편중리,35.636288,129.217495,3,1
은편하리회관,35.638887,129.216246,6,1
아래하리,35.645809,129.21082,3,1
박제상유적지입구,35.65382,129.230024,1,0
장성,35.641364,129.214313,22,3
상차리,35.639721,129.117785,6,0
중차리,35.636496,129.122378,2,0
중하차리,35.635544,129.124323,2,0
하차리,35.632283,129.126947,15,0
진현,35.610826,129.146591,3,0
중리마을,35.622098,129.138356,1,0
중리,35.623944,129.136721,2,0
음지,35.703189,129.163363,1,0
양지,35.70388,129.166411,3,0
미호입구(하동),35.674179,129.176868,0,1
미호,35.674179,129.176868,15,0
미호중동,35.67918,129.172098,2,0
상동회관,35.685878,129.163203,9,0
KCC산업단지입구,35.703451,129.195293,3,0
가정마을,35.694013,129.194038,1,0
도성암,35.700663,129.195303,1,0
활천마을,35.706222,129.188178,2,0
내와,35.691955,129.12161,4,2
외와,35.700692,129.115305,4,0
중점,35.704684,129.12924,1,0
전읍,35.662737,129.172697,9,0
두서농공단지,35.668062,129.17426,3,1
유촌입구,35.665385,129.173732,2,0
인보,35.642921,129.160544,49,4
두서면행정복지센터,35.645439,129.160907,4,2
두동입구,35.653028,129.166569,2,0
두광중학교,35.656393,129.169008,13,0
상선필,35.663704,129.124696,1,0
서하,35.638723,129.158214,10,1
대정,35.635026,129.158278,7,2
대리,35.592781,129.108624,13,0
명동,35.590734,129.106325,1,0
상북면행정복지센터,35.591032,129.089244,137,22
경의고등학교,35.58784,129.093142,137,9
궁평마을,35.597117,129.085692,7,3
울산과학고,35.596878,129.099986,1,0
도동마을,35.592103,129.09476,4,0
지화,35.579914,129.091804,10,2
큰나무놀이터,35.584353,129.084813,6,2
후리,35.579812,129.085351,17,2
오산회관,35.585351,129.083396,3,0
이천마을입구,35.544398,129.013306,3,0
이천분교,35.540471,129.012824,2,0
신불산자연휴양림,35.551031,129.014849,2,0
배내정상,35.579231,129.028145,2,2
내리정마을,35.56074,129.020993,0,2
석남사,35.617827,129.039428,62,16
살티,35.612092,129.040919,0,2
삽재,35.632163,129.055042,7,0
소야정,35.617359,129.056048,15,3
행정,35.616382,129.046328,24,2
소야정교,35.616697,129.059974,5,1
사광,35.573824,129.084243,2,0
명촌,35.557756,129.357004,3,0
천전회관,35.57041,129.100618,5,0
세원울산영업소,35.574154,129.097027,1,1
지곡,35.58809,129.060871,14,0
양등마을,35.600333,129.076648,4,1
텃걸마을입구,35.597351,129.075299,0,2
거리동회관,35.59003,129.07647,10,1
신기입구,35.63138,129.219545,63,5
궁근정,35.616852,129.06694,23,4
삼진아파트,35.618365,129.073692,3,1
동호그린코아,35.618363,129.071814,12,0
진우훼미리아파트,35.61623,129.072728,5,0
상북농공단지,35.611244,129.074777,21,7
양등입구,35.600707,129.081608,33,12
찬물내기,35.601189,129.079578,32,21
양동,35.46694,129.292474,1,1
면허시험장,35.578063,129.100277,70,15
상북중학교,35.582746,129.098866,66,3
청구골든,35.572108,129.107427,29,1
능산,35.575657,129.104083,6,2
향산,35.585818,129.096444,12,2
태종,35.695493,129.080507,2,0
태종잿골,35.693213,129.083142,2,0
소호,35.669829,129.086114,7,0
와리,35.669095,129.079023,1,0
자수정동굴입구,35.553266,129.093152,2,1
간월입구,35.557167,129.072584,8,2
신불산온천,35.554612,129.0767,1,1
간월사앞,35.554852,129.074778,0,2
복합웰컴센터,35.555409,129.069731,10,2
등억,35.555829,129.086987,7,0
하작,35.520368,129.17923,9,0
지랑,35.498489,129.124241,7,0
조일입구,35.498536,129.112807,2,1
조일,35.498536,129.112807,1,0
하늘공원,35.469652,129.136059,19,0
자연장지,35.469826,129.136285,1,0
출강,35.5151,129.166242,1,0
출강입구,35.5151,129.166242,2,0
상작,35.516483,129.184595,3,0
작동마을,35.512487,129.185953,7,0
산현,35.489245,129.178131,6,1
내외양,35.506621,129.137582,4,0
삼동면민운동장,35.503544,129.131685,4,0
보은,35.509398,129.143449,13,0
사촌(삼동면사무소),35.520788,129.156826,2,0
왕방,35.514175,129.155702,1,0
하잠,35.52362,129.162286,4,0
삼동초등학교,35.523421,129.158132,6,1
사촌,35.520788,129.156826,9,0
금곡,35.511873,129.149383,1,1
왕방입구,35.514175,129.155702,1,0
왕방마을,35.51529,129.158925,1,0
금곡경로당,35.502634,129.140791,3,0
금곡마을회관,35.50801,129.1496,2,0
